id,fuente,nombre,organismo,tipo,estado,descripcion,monto_min,monto_max,moneda,fecha_apertura,fecha_cierre,url,requisitos,entidades_target,score_geoimagen,score_hak,score_ovdas,internacional,created_at,updated_at,region
106,manual,ANID — Concurso Equipamiento Científico Mayor,ANID,ciencia,proximo,Financia equipamiento de $400M-$950M con cofinanciamiento 50%. Requiere CONSORCIO de 3-6 instituciones con mínimo 2 regiones. SERNAGEOMIN NO postula directo — debe ir como institución asociada. Útil para video wall + servidores de gran escala si se forma consorcio con UFRO + otra universidad. Última 2025 cerró 13 marzo 2025.,400000000.0,950000000.0,CLP,,,https://anid.cl/concursos/concurso-de-equipamiento-cientifico-y-tecnologico-mayor-2025/,"[""consorcio 3-6 instituciones, m\u00ednimo 2 regiones"", ""cofinanciamiento 50%"", ""equipamiento compartido"", ""SERNAGEOMIN como asociada""]","[""geoimagen"", ""ovdas""]",20,0,100,0,2026-04-12 20:36:11,2026-04-22 04:53:17,
147,manual,"SENAPRED — Programa GRD (solo municipios, NO equipamiento)",SENAPRED / Ministerio del Interior,comunitario,proximo,"ALCANCE LIMITADO 2025: solo financia (1) elaboración/actualización de Planes Comunales de Reducción de Riesgo de Desastres, (2) elaboración/actualización de Planes Comunales de Emergencia, (3) contratación de UN profesional o técnico de nivel superior. NO financia equipamiento, infraestructura, video wall, servidores ni techos. Postulantes: municipalidades y Órganos de la Administración del Estado. SERNAGEOMIN podría postular SOLO para contratar 1 técnico en planes de gestión de riesgo volcánico.",5000000.0,30000000.0,CLP,,,https://www.senapred.cl/programa-grd-fondo-concursable/,"[""municipio u \u00f3rgano estatal"", ""proyecto en una de las 5 l\u00edneas espec\u00edficas"", ""NO cubre equipamiento""]","[""fundacion_hak"", ""ovdas""]",0,20,100,0,2026-04-22 04:45:45,2026-04-22 04:53:17,Nacional
153,manual,[COLABORACIÓN] USGS Volcano Disaster Assistance Program (VDAP),USGS Volcano Hazards Program (EEUU),ciencia,abierto,"[COLABORACIÓN BILATERAL] Programa USGS de asistencia a observatorios volcánicos de países en desarrollo. Ofrece: donaciones de equipamiento (cámaras térmicas, multígas, geodésicos), entrenamiento técnico, asistencia en crisis volcánicas. Precedente Chile: donación marzo 2024 a SERNAGEOMIN (~USD 108M equivalente en equipos). VÍA DE ACCESO: contactar VDAP vía Embajada EEUU + contraparte USGS Cascades/Alaska Volcano Observatory.",50000.0,2000000.0,USD,,,https://www.usgs.gov/programs/VHP/volcano-disaster-assistance-program-vdap,"[""observatorio volc\u00e1nico operativo"", ""gesti\u00f3n diplom\u00e1tica v\u00eda Embajada EEUU"", ""plan t\u00e9cnico de uso""]","[""geoimagen"", ""ovdas""]",20,0,94,1,2026-04-22 04:53:17,2026-04-22 04:53:17,Nacional
144,manual,Circular 33 DIPRES — Conservación y Reposición (vía GORE/Min. Minería),DIPRES (Oficio Circular N°33-2009),mixto,desconocido,"MECANISMO normativo (no fondo concursable). Regula asignación de recursos a GORE para: (1) emergencias, (2) activos no financieros, (3) estudios propios del giro institucional, (4) conservación de infraestructura. SERNAGEOMIN NO postula directamente a DIPRES — debe gestionar a través del Ministerio de Minería o del GORE Araucanía con proyecto inscrito en BIP. Útil para conservación de edificio (techo) y reposición de equipamiento, pero requiere gestión política previa.",5000000.0,500000000.0,CLP,,,http://www.dipres.gob.cl/598/w3-article-47841.html,"[""gesti\u00f3n a trav\u00e9s Ministerio de Miner\u00eda o GORE"", ""iniciativa inscrita en BIP"", ""NO es convocatoria p\u00fablica""]","[""fundacion_hak"", ""geoimagen"", ""ovdas""]",20,20,93,0,2026-04-22 04:45:45,2026-04-22 04:53:17,La Araucanía
105,manual,ANID — Concurso Equipamiento Científico Mediano,ANID,ciencia,proximo,Financia equipamiento científico $50M-$400M con cofinanciamiento 50%. Requiere CONSORCIO de mínimo 2 instituciones de educación superior o centros de investigación. SERNAGEOMIN NO postula directo — debe ir como institución asociada a través de universidad (UFRO es socio natural). Convocatoria anual feb-mayo. Última 2025 cerró 29 abril 2025. Próxima 2026.,50000000.0,400000000.0,CLP,,,https://anid.cl/concursos/concurso-de-equipamiento-cientifico-y-tecnologico-mediano-2025/,"[""consorcio m\u00ednimo 2 universidades/centros"", ""cofinanciamiento 50%"", ""SERNAGEOMIN solo como instituci\u00f3n asociada""]","[""geoimagen"", ""ovdas""]",20,0,91,0,2026-04-12 20:36:11,2026-04-22 04:53:17,
154,manual,[COLABORACIÓN] DFG Alemania-Chile (Volcanología/Geofísica),DFG (Alemania) + ANID (contraparte chilena),ciencia,proximo,"[COLABORACIÓN BILATERAL] DFG financia parte alemana; ANID la parte chilena en paralelo. Proyecto Lonquimay 2025 en ejecución. Requiere co-investigador alemán (universidad o institución alemana). SERNAGEOMIN puede ser contraparte chilena vía universidad socia. VÍA DE ACCESO: identificar grupo alemán (GFZ Potsdam, Univ. München) + universidad chilena (UFRO, UChile) + co-postulación DFG-ANID.",30000.0,400000.0,EUR,,,https://www.dfg.de/en/research-funding/funding-opportunities/international-cooperation,"[""co-investigador alem\u00e1n identificado"", ""universidad chilena socia"", ""co-postulaci\u00f3n DFG + ANID""]","[""geoimagen"", ""ovdas""]",20,0,90,1,2026-04-22 04:53:17,2026-04-22 04:53:17,Nacional
161,manual,[COLABORACIÓN] NASA ROSES — Earth Science (vía consorcio con EEUU),NASA Science Mission Directorate,ciencia,abierto,"[COLABORACIÓN CON INSTITUCIÓN EEUU] NASA solo financia a instituciones de EEUU. SERNAGEOMIN puede participar como COLABORADOR INTERNACIONAL sin recibir fondos directos (no-exchange-of-funds). Útil para compartir datos de volcanes chilenos con equipos de teledetección NASA (Earth Science, Volcano Archive). VÍA DE ACCESO: identificar grupo NASA/universidad EEUU que lidere propuesta + carta de colaboración SERNAGEOMIN.",0.0,500000.0,USD,,,https://science.nasa.gov/researchers/solicitations/roses,"[""l\u00edder propuesta = instituci\u00f3n EEUU"", ""SERNAGEOMIN como colaborador (sin fondos directos)"", ""acuerdo de intercambio de datos""]","[""geoimagen"", ""ovdas""]",20,0,86,1,2026-04-22 04:53:17,2026-04-22 04:53:17,Nacional
155,manual,[COLABORACIÓN] BID — Programa Resiliencia ante Desastres Chile (USD 10M),Banco Interamericano de Desarrollo (BID),mixto,proximo,"[COLABORACIÓN GOBIERNO-A-GOBIERNO] Programa 'Preparados y Resilientes en las Américas' 2025-2030 con USD 10M no reembolsables + créditos. 3 pilares: gobernanza, monitoreo/infraestructura, respuesta. SERNAGEOMIN accede como EJECUTOR TÉCNICO del componente monitoreo si el gobierno de Chile así lo prioriza. VÍA DE ACCESO: coordinación con Ministerio de Hacienda + Ministerio de Minería + representante BID Chile.",100000.0,10000000.0,USD,,,https://www.iadb.org/en/sector/reform-modernization-state/dialogue-disaster-risk-management,"[""gobierno Chile como contraparte"", ""SERNAGEOMIN como ejecutor t\u00e9cnico"", ""priorizaci\u00f3n Ministerio Hacienda""]","[""fundacion_hak"", ""geoimagen"", ""ovdas""]",20,45,80,1,2026-04-22 04:53:17,2026-04-22 04:53:17,Nacional
146,manual,FNDR 6% Seguridad/Medioambiente — La Araucanía,GORE La Araucanía,comunitario,abierto,"Fondo para proyectos en líneas de deporte, cultura, SEGURIDAD CIUDADANA y medioambiente. SERNAGEOMIN podría acceder bajo línea 'seguridad' si el monitoreo volcánico se clasifica como seguridad regional (alerta temprana a población). Hasta $25M para municipios; hasta $5M para privados. Requiere BIP y alineación con prioridades regionales.",2000000.0,25000000.0,CLP,,,https://gorearaucania.cl/index.php?id=1143,"[""organizaci\u00f3n regional con personalidad jur\u00eddica"", ""proyecto en l\u00ednea espec\u00edfica (seguridad = monitoreo volc\u00e1nico)""]","[""fundacion_hak"", ""ovdas""]",10,30,75,0,2026-04-22 04:45:45,2026-04-22 04:53:17,La Araucanía
152,manual,[COLABORACIÓN] JICA Kizuna II — Japón-Chile RRD Volcán/Terremoto,JICA (Japón) / AGCID,ciencia,abierto,"[COLABORACIÓN BILATERAL] Programa cooperativo Japón-Chile activo 2023-2026. SERNAGEOMIN accede como contraparte técnica vía AGCID (Agencia Chilena de Cooperación Internacional). Modalidad: capacitación técnica en Japón, transferencia tecnológica, posibles donaciones de equipamiento sísmico-volcánico. VÍA DE ACCESO: contactar AGCID + Embajada de Japón + Dirección SERNAGEOMIN para activar módulo específico en Kizuna II.",50000.0,2000000.0,USD,,,https://www.jica.go.jp/spanish/overseas/chile/office/index.html,"[""gesti\u00f3n v\u00eda AGCID"", ""contraparte t\u00e9cnica en Jap\u00f3n identificada"", ""m\u00f3dulo pre-acordado por gobiernos""]","[""geoimagen"", ""ovdas""]",20,0,74,1,2026-04-22 04:53:17,2026-04-22 04:53:17,Nacional
131,manual,ANID — FONDEF IDeA I+D Tecnologías Avanzadas,ANID,ciencia,proximo,"EL ÚNICO instrumento ANID donde SERNAGEOMIN es BENEFICIARIO DIRECTO sin necesidad de universidad socia. Hasta $800M-$1.200M por proyecto. Para proyectos de I+D en tecnologías avanzadas (sistemas de monitoreo, IA, sensores). Convocatorias anuales (última cerró nov 2024, próxima septiembre 2025). Recomendación crítica para OVDAS.",100000000.0,1200000000.0,CLP,,,https://anid.cl/concursos/concurso-idea-id-tecnologias-avanzadas-2025/,"[""instituci\u00f3n sin fines de lucro (aplica SERNAGEOMIN directo)"", ""proyecto de I+D tecnolog\u00eda avanzada"", ""plan de transferencia""]","[""geoimagen"", ""ovdas""]",62,0,71,0,2026-04-22 04:31:05,2026-04-22 04:53:17,Nacional
128,manual,Anillos de Investigación en Áreas Temáticas — ANID,ANID,ciencia,proximo,"Investigación asociativa en áreas temáticas (geociencias, peligros naturales, clima). Requiere institución albergante UNIVERSITARIA + 3-6 investigadores. SERNAGEOMIN sólo puede participar como institución asociada, no como albergante. Próxima convocatoria 2026.",220000000.0,660000000.0,CLP,,,https://anid.cl/centros-e-investigacion-asociativa/anillos/,"[""instituci\u00f3n albergante = universidad"", ""SERNAGEOMIN solo como asociada"", ""productividad cient\u00edfica""]","[""geoimagen"", ""ovdas""]",20,0,71,0,2026-04-22 04:31:05,2026-04-22 04:53:17,Nacional
127,manual,FONDAP — Centros de Investigación en Áreas Prioritarias,ANID,ciencia,cerrado,Centros de Excelencia ANID. Última convocatoria fue en 2023. No hay convocatoria abierta 2024-2026 y ANID no ha publicado fecha de próximo llamado. SERNAGEOMIN podría participar como institución asociada si surge llamado en geociencias. SIN CONVOCATORIA ACTIVA.,500000000.0,5000000000.0,CLP,,,https://anid.cl/centros-e-investigacion-asociativa/centros-fondap/,"[""universidad albergante"", ""m\u00ednimo 2 instituciones asociadas"", ""director con doctorado""]","[""geoimagen"", ""ovdas""]",20,0,71,0,2026-04-22 04:31:05,2026-04-22 04:53:17,Nacional
95,manual,FIC-R Los Ríos — Innovación y Competitividad,GORE Los Ríos / CORFO,ciencia,proximo,"Fondo de Innovación para la Competitividad Regional XIV. Financia proyectos de I+D, innovación tecnológica, transferencia tecnológica y capacidades de innovación productiva en la región. Co-ejecutado con CORFO y universidades regionales. Relevante para proyectos de monitoreo volcánico, riesgo geológico y adquisición de equipamiento científico.",5000000.0,500000000.0,CLP,,,https://www.gorelosrios.cl,"[""instituci\u00f3n p\u00fablica o privada sin fines de lucro"", ""ejecuci\u00f3n en la regi\u00f3n"", ""co-financiamiento m\u00ednimo 30%"", ""transferencia tecnol\u00f3gica al sector productivo""]","[""geoimagen"", ""ovdas""]",20,0,67,0,2026-04-12 16:39:35,2026-04-22 04:53:18,Los Ríos
145,manual,FNDR Inversión Regional (2%) — La Araucanía,GORE La Araucanía,mixto,abierto,"Fondo Nacional de Desarrollo Regional para inversión pública. Postulantes elegibles: Servicios Públicos, Municipalidades, Universidades Estatales. SERNAGEOMIN puede postular como servicio público nacional. Requiere proyecto inscrito en BIP (Banco Integrado de Proyectos) con recomendación técnica MIDEPLAN. Útil para infraestructura edilicia, equipamiento tecnológico, renovación de instalaciones. La aprobación final la da el CORE regional.",20000000.0,2000000000.0,CLP,,,https://gorearaucania.cl/index.php?id=303,"[""servicio p\u00fablico con proyecto BIP aprobado"", ""recomendaci\u00f3n t\u00e9cnica MIDEPLAN"", ""aprobaci\u00f3n CORE Araucan\u00eda""]","[""fundacion_hak"", ""geoimagen"", ""ovdas""]",30,30,67,0,2026-04-22 04:45:45,2026-04-22 04:53:17,La Araucanía
92,manual,FIC-R Biobío — Innovación y Competitividad,GORE Biobío / CORFO,ciencia,proximo,"Fondo de Innovación para la Competitividad Regional VIII. Financia proyectos de I+D, innovación tecnológica, transferencia tecnológica y capacidades de innovación productiva en la región. Co-ejecutado con CORFO y universidades regionales. Relevante para proyectos de monitoreo volcánico, riesgo geológico y adquisición de equipamiento científico.",5000000.0,500000000.0,CLP,,,https://www.gorebiobio.cl,"[""instituci\u00f3n p\u00fablica o privada sin fines de lucro"", ""ejecuci\u00f3n en la regi\u00f3n"", ""co-financiamiento m\u00ednimo 30%"", ""transferencia tecnol\u00f3gica al sector productivo""]","[""geoimagen"", ""ovdas""]",20,0,67,0,2026-04-12 16:39:35,2026-04-22 04:53:18,Biobío
82,manual,FIC-R Antofagasta — Innovación y Competitividad,GORE Antofagasta / CORFO,ciencia,proximo,"Fondo de Innovación para la Competitividad Regional II. Financia proyectos de I+D, innovación tecnológica, transferencia tecnológica y capacidades de innovación productiva en la región. Co-ejecutado con CORFO y universidades regionales. Relevante para proyectos de monitoreo volcánico, riesgo geológico y adquisición de equipamiento científico.",5000000.0,500000000.0,CLP,,,https://www.goreantofagasta.cl,"[""instituci\u00f3n p\u00fablica o privada sin fines de lucro"", ""ejecuci\u00f3n en la regi\u00f3n"", ""co-financiamiento m\u00ednimo 30%"", ""transferencia tecnol\u00f3gica al sector productivo""]","[""geoimagen"", ""ovdas""]",20,0,67,0,2026-04-12 16:39:35,2026-04-22 04:53:18,Antofagasta
97,manual,FIC-R Los Lagos — Innovación y Competitividad,GORE Los Lagos / CORFO,ciencia,proximo,"Fondo de Innovación para la Competitividad Regional X. Financia proyectos de I+D, innovación tecnológica, transferencia tecnológica y capacidades de innovación productiva en la región. Co-ejecutado con CORFO y universidades regionales. Relevante para proyectos de monitoreo volcánico, riesgo geológico y adquisición de equipamiento científico.",5000000.0,500000000.0,CLP,,,https://www.goreloslagos.cl,"[""instituci\u00f3n p\u00fablica o privada sin fines de lucro"", ""ejecuci\u00f3n en la regi\u00f3n"", ""co-financiamiento m\u00ednimo 30%"", ""transferencia tecnol\u00f3gica al sector productivo""]","[""geoimagen"", ""ovdas""]",20,0,67,0,2026-04-12 16:39:35,2026-04-22 04:53:18,Los Lagos
156,manual,[COLABORACIÓN] Banco Mundial — Gestión Riesgos Desastres Chile,World Bank Group,mixto,proximo,[COLABORACIÓN GOBIERNO-A-GOBIERNO] Bonos catastróficos USD 630M + línea de crédito contingente USD 150M. SERNAGEOMIN puede ser ejecutor técnico si el Ministerio de Hacienda activa el componente de monitoreo pre-evento. NO se postula — se activa vía Estado de Chile. VÍA DE ACCESO: representación sectorial Ministerio Minería ante Ministerio Hacienda.,500000.0,50000000.0,USD,,,https://www.bancomundial.org/es/country/chile/overview,"[""gobierno Chile como prestatario"", ""activaci\u00f3n sectorial"", ""ejecutor t\u00e9cnico calificado""]","[""fundacion_hak"", ""geoimagen"", ""ovdas""]",20,20,66,1,2026-04-22 04:53:17,2026-04-22 04:53:17,Nacional
157,manual,[COLABORACIÓN] GEM Foundation — Red Global Earthquake Model,GEM Foundation,ciencia,abierto,"[COLABORACIÓN RED CIENTÍFICA] Red internacional de modelado sísmico. NO otorga grants directos, pero ofrece colaboración técnica, herramientas de modelado, posibles proyectos conjuntos europeos (NRRP italiano, PAPERS). Útil para fortalecer capacidades de modelamiento sísmico de SERNAGEOMIN. VÍA DE ACCESO: membresía institucional + aporte de datos regionales + participación en calls europeos como socio.",0.0,300000.0,USD,,,https://www.globalquakemodel.org/,"[""membres\u00eda institucional GEM"", ""aporte de datos s\u00edsmicos regionales"", ""socio europeo para calls financiadas""]","[""geoimagen"", ""ovdas""]",20,0,66,1,2026-04-22 04:53:17,2026-04-22 04:53:17,Nacional
151,manual,"ESA — Copernicus Masters (innovación, premios)",ESA / Copernicus,ciencia,proximo,"Competencia anual de innovación con datos Copernicus/Sentinel. Premios en efectivo (hasta €300K) + networking. Diseñado para STARTUPS e innovadores, no agencias de monitoreo público. SERNAGEOMIN podría participar si propone solución innovadora basada en Earth observation. NO es fondo de investigación tradicional.",20000.0,300000.0,EUR,,,https://copernicus-masters.com,"[""soluci\u00f3n innovadora Earth observation"", ""mejor para startups/empresas"", ""competencia de innovaci\u00f3n""]","[""geoimagen"", ""ovdas""]",51,0,66,1,2026-04-22 04:46:58,2026-04-22 04:53:18,
164,manual,FNDR 6% Seguridad/Medioambiente — Arica y Parinacota,GORE Arica y Parinacota,comunitario,abierto,"FNDR 6% Región XV. Líneas: deporte, cultura, SEGURIDAD CIUDADANA, medioambiente. SERNAGEOMIN/OVDAS puede acceder bajo línea 'seguridad' si el monitoreo volcánico se clasifica como alerta temprana a población. Hasta $25M para municipios; hasta $5M para privados/organismos públicos.",2000000.0,25000000.0,CLP,,,https://www.gorearica.cl,"[""proyecto en l\u00ednea espec\u00edfica (seguridad = monitoreo volc\u00e1nico)"", ""personalidad jur\u00eddica y presencia regional""]","[""fundacion_hak"", ""ovdas""]",0,20,65,0,2026-04-22 04:53:18,2026-04-22 04:53:18,Arica y Parinacota
178,manual,FNDR 6% Seguridad/Medioambiente — Aysén,GORE Aysén,comunitario,abierto,"FNDR 6% Región XI. Líneas: deporte, cultura, SEGURIDAD CIUDADANA, medioambiente. SERNAGEOMIN/OVDAS puede acceder bajo línea 'seguridad' si el monitoreo volcánico se clasifica como alerta temprana a población. Hasta $25M para municipios; hasta $5M para privados/organismos públicos.",2000000.0,25000000.0,CLP,,,https://www.goreaysen.cl,"[""proyecto en l\u00ednea espec\u00edfica (seguridad = monitoreo volc\u00e1nico)"", ""personalidad jur\u00eddica y presencia regional""]","[""fundacion_hak"", ""ovdas""]",0,20,65,0,2026-04-22 04:53:18,2026-04-22 04:53:18,Aysén
170,manual,FNDR 6% Seguridad/Medioambiente — Atacama,GORE Atacama,comunitario,abierto,"FNDR 6% Región III. Líneas: deporte, cultura, SEGURIDAD CIUDADANA, medioambiente. SERNAGEOMIN/OVDAS puede acceder bajo línea 'seguridad' si el monitoreo volcánico se clasifica como alerta temprana a población. Hasta $25M para municipios; hasta $5M para privados/organismos públicos.",2000000.0,25000000.0,CLP,,,https://www.goreatacama.cl,"[""proyecto en l\u00ednea espec\u00edfica (seguridad = monitoreo volc\u00e1nico)"", ""personalidad jur\u00eddica y presencia regional""]","[""fundacion_hak"", ""ovdas""]",0,20,65,0,2026-04-22 04:53:18,2026-04-22 04:53:18,Atacama
168,manual,FNDR 6% Seguridad/Medioambiente — Antofagasta,GORE Antofagasta,comunitario,abierto,"FNDR 6% Región II. Líneas: deporte, cultura, SEGURIDAD CIUDADANA, medioambiente. SERNAGEOMIN/OVDAS puede acceder bajo línea 'seguridad' si el monitoreo volcánico se clasifica como alerta temprana a población. Hasta $25M para municipios; hasta $5M para privados/organismos públicos.",2000000.0,25000000.0,CLP,,,https://www.goreantofagasta.cl,"[""proyecto en l\u00ednea espec\u00edfica (seguridad = monitoreo volc\u00e1nico)"", ""personalidad jur\u00eddica y presencia regional""]","[""fundacion_hak"", ""ovdas""]",0,20,65,0,2026-04-22 04:53:18,2026-04-22 04:53:18,Antofagasta
174,manual,FNDR 6% Seguridad/Medioambiente — Los Ríos,GORE Los Ríos,comunitario,abierto,"FNDR 6% Región XIV. Líneas: deporte, cultura, SEGURIDAD CIUDADANA, medioambiente. SERNAGEOMIN/OVDAS puede acceder bajo línea 'seguridad' si el monitoreo volcánico se clasifica como alerta temprana a población. Hasta $25M para municipios; hasta $5M para privados/organismos públicos.",2000000.0,25000000.0,CLP,,,https://www.gorelosrios.cl,"[""proyecto en l\u00ednea espec\u00edfica (seguridad = monitoreo volc\u00e1nico)"", ""personalidad jur\u00eddica y presencia regional""]","[""fundacion_hak"", ""ovdas""]",0,20,65,0,2026-04-22 04:53:18,2026-04-22 04:53:18,Los Ríos
166,manual,FNDR 6% Seguridad/Medioambiente — Tarapacá,GORE Tarapacá,comunitario,abierto,"FNDR 6% Región I. Líneas: deporte, cultura, SEGURIDAD CIUDADANA, medioambiente. SERNAGEOMIN/OVDAS puede acceder bajo línea 'seguridad' si el monitoreo volcánico se clasifica como alerta temprana a población. Hasta $25M para municipios; hasta $5M para privados/organismos públicos.",2000000.0,25000000.0,CLP,,,https://www.goretarapaca.gov.cl,"[""proyecto en l\u00ednea espec\u00edfica (seguridad = monitoreo volc\u00e1nico)"", ""personalidad jur\u00eddica y presencia regional""]","[""fundacion_hak"", ""ovdas""]",0,20,65,0,2026-04-22 04:53:18,2026-04-22 04:53:18,Tarapacá
180,manual,FNDR 6% Seguridad/Medioambiente — Magallanes,GORE Magallanes,comunitario,abierto,"FNDR 6% Región XII. Líneas: deporte, cultura, SEGURIDAD CIUDADANA, medioambiente. SERNAGEOMIN/OVDAS puede acceder bajo línea 'seguridad' si el monitoreo volcánico se clasifica como alerta temprana a población. Hasta $25M para municipios; hasta $5M para privados/organismos públicos.",2000000.0,25000000.0,CLP,,,https://www.goremagallanes.cl,"[""proyecto en l\u00ednea espec\u00edfica (seguridad = monitoreo volc\u00e1nico)"", ""personalidad jur\u00eddica y presencia regional""]","[""fundacion_hak"", ""ovdas""]",0,20,65,0,2026-04-22 04:53:18,2026-04-22 04:53:18,Magallanes
172,manual,FNDR 6% Seguridad/Medioambiente — Biobío,GORE Biobío,comunitario,abierto,"FNDR 6% Región VIII. Líneas: deporte, cultura, SEGURIDAD CIUDADANA, medioambiente. SERNAGEOMIN/OVDAS puede acceder bajo línea 'seguridad' si el monitoreo volcánico se clasifica como alerta temprana a población. Hasta $25M para municipios; hasta $5M para privados/organismos públicos.",2000000.0,25000000.0,CLP,,,https://www.gorebiobio.cl,"[""proyecto en l\u00ednea espec\u00edfica (seguridad = monitoreo volc\u00e1nico)"", ""personalidad jur\u00eddica y presencia regional""]","[""fundacion_hak"", ""ovdas""]",0,20,65,0,2026-04-22 04:53:18,2026-04-22 04:53:18,Biobío
176,manual,FNDR 6% Seguridad/Medioambiente — Los Lagos,GORE Los Lagos,comunitario,abierto,"FNDR 6% Región X. Líneas: deporte, cultura, SEGURIDAD CIUDADANA, medioambiente. SERNAGEOMIN/OVDAS puede acceder bajo línea 'seguridad' si el monitoreo volcánico se clasifica como alerta temprana a población. Hasta $25M para municipios; hasta $5M para privados/organismos públicos.",2000000.0,25000000.0,CLP,,,https://www.goreloslagos.cl,"[""proyecto en l\u00ednea espec\u00edfica (seguridad = monitoreo volc\u00e1nico)"", ""personalidad jur\u00eddica y presencia regional""]","[""fundacion_hak"", ""ovdas""]",0,20,65,0,2026-04-22 04:53:18,2026-04-22 04:53:18,Los Lagos
158,manual,[COLABORACIÓN] Smithsonian Global Volcanism Program,Smithsonian Institution (EEUU),ciencia,abierto,"[COLABORACIÓN RED CIENTÍFICA] Base de datos mundial de volcanismo + red de observatorios. NO otorga grants propios, pero es puerta de entrada a publicaciones conjuntas, acceso a datos globales, y visibilidad de OVDAS en comunidad internacional. Facilita postular a grants de USGS/NASA en consorcios. VÍA DE ACCESO: contribución de datos + participación en boletines semanales.",0.0,50000.0,USD,,,https://volcano.si.edu/,"[""instituci\u00f3n de monitoreo volc\u00e1nico activo"", ""compartici\u00f3n de datos"", ""publicaci\u00f3n conjunta""]","[""geoimagen"", ""ovdas""]",20,0,63,1,2026-04-22 04:53:17,2026-04-22 04:53:17,Nacional
148,manual,IAVCEI — Travel Grants (solo viáticos a congresos),IAVCEI,ciencia,cerrado,"ALCANCE LIMITADO: solo otorga viáticos y registros gratuitos para congresos IAVCEI. No financia investigación, equipamiento ni infraestructura. Convocatoria 2025 cerró noviembre 2024. Early Career Researcher grants. Útil para que investigadores de OVDAS asistan al IAVCEI Assembly 2025 (Ginebra, jun-jul).",2000.0,5000.0,USD,,,https://www.iavceivolcano.org/,"[""miembro IAVCEI"", ""early career researcher o pa\u00eds ingresos bajo-medio"", ""asistencia a congreso IAVCEI""]","[""geoimagen"", ""ovdas""]",20,6,61,1,2026-04-22 04:45:45,2026-04-22 04:46:58,Nacional
122,manual,FNDR 2% — Iniciativas de Inversión Regional La Araucanía,GORE La Araucanía,mixto,abierto,"Fondo Nacional de Desarrollo Regional para proyectos de inversión en infraestructura, equipamiento y construcción. Organismos públicos, municipalidades y servicios pueden postular. Ideal para infraestructura edilicia, equipamiento tecnológico, renovación de instalaciones. Convocatoria abierta 2025.",20000000.0,2000000000.0,CLP,,,https://gorearaucania.cl/index.php?id=303,"[""organismo p\u00fablico o municipio de La Araucan\u00eda"", ""proyecto inscrito en BIP"", ""recomendaci\u00f3n t\u00e9cnica MIDEPLAN""]","[""fundacion_hak"", ""geoimagen"", ""ovdas""]",30,30,61,0,2026-04-22 04:31:05,2026-04-22 04:31:05,La Araucanía
163,manual,FNDR Inversión Regional (2%) — Arica y Parinacota,GORE Arica y Parinacota,mixto,abierto,"FNDR 2% de inversión pública Región XV. Postulantes elegibles: Servicios Públicos, Municipalidades, Universidades Estatales. SERNAGEOMIN/OVDAS puede postular como servicio público nacional para equipamiento de estaciones de monitoreo volcánico en Arica y Parinacota. Requiere proyecto inscrito en BIP + recomendación técnica MIDEPLAN + aprobación CORE.",20000000.0,2000000000.0,CLP,,,https://www.gorearica.cl,"[""servicio p\u00fablico / municipio / universidad estatal"", ""proyecto BIP con recomendaci\u00f3n t\u00e9cnica MIDEPLAN"", ""aprobaci\u00f3n CORE regional""]","[""fundacion_hak"", ""geoimagen"", ""ovdas""]",20,20,61,0,2026-04-22 04:53:18,2026-04-22 04:53:18,Arica y Parinacota
167,manual,FNDR Inversión Regional (2%) — Antofagasta,GORE Antofagasta,mixto,abierto,"FNDR 2% de inversión pública Región II. Postulantes elegibles: Servicios Públicos, Municipalidades, Universidades Estatales. SERNAGEOMIN/OVDAS puede postular como servicio público nacional para equipamiento de estaciones de monitoreo volcánico en Antofagasta. Requiere proyecto inscrito en BIP + recomendación técnica MIDEPLAN + aprobación CORE.",20000000.0,2000000000.0,CLP,,,https://www.goreantofagasta.cl,"[""servicio p\u00fablico / municipio / universidad estatal"", ""proyecto BIP con recomendaci\u00f3n t\u00e9cnica MIDEPLAN"", ""aprobaci\u00f3n CORE regional""]","[""fundacion_hak"", ""geoimagen"", ""ovdas""]",20,20,61,0,2026-04-22 04:53:18,2026-04-22 04:53:18,Antofagasta
171,manual,FNDR Inversión Regional (2%) — Biobío,GORE Biobío,mixto,abierto,"FNDR 2% de inversión pública Región VIII. Postulantes elegibles: Servicios Públicos, Municipalidades, Universidades Estatales. SERNAGEOMIN/OVDAS puede postular como servicio público nacional para equipamiento de estaciones de monitoreo volcánico en Biobío. Requiere proyecto inscrito en BIP + recomendación técnica MIDEPLAN + aprobación CORE.",20000000.0,2000000000.0,CLP,,,https://www.gorebiobio.cl,"[""servicio p\u00fablico / municipio / universidad estatal"", ""proyecto BIP con recomendaci\u00f3n t\u00e9cnica MIDEPLAN"", ""aprobaci\u00f3n CORE regional""]","[""fundacion_hak"", ""geoimagen"", ""ovdas""]",20,20,61,0,2026-04-22 04:53:18,2026-04-22 04:53:18,Biobío
169,manual,FNDR Inversión Regional (2%) — Atacama,GORE Atacama,mixto,abierto,"FNDR 2% de inversión pública Región III. Postulantes elegibles: Servicios Públicos, Municipalidades, Universidades Estatales. SERNAGEOMIN/OVDAS puede postular como servicio público nacional para equipamiento de estaciones de monitoreo volcánico en Atacama. Requiere proyecto inscrito en BIP + recomendación técnica MIDEPLAN + aprobación CORE.",20000000.0,2000000000.0,CLP,,,https://www.goreatacama.cl,"[""servicio p\u00fablico / municipio / universidad estatal"", ""proyecto BIP con recomendaci\u00f3n t\u00e9cnica MIDEPLAN"", ""aprobaci\u00f3n CORE regional""]","[""fundacion_hak"", ""geoimagen"", ""ovdas""]",20,20,61,0,2026-04-22 04:53:18,2026-04-22 04:53:18,Atacama
165,manual,FNDR Inversión Regional (2%) — Tarapacá,GORE Tarapacá,mixto,abierto,"FNDR 2% de inversión pública Región I. Postulantes elegibles: Servicios Públicos, Municipalidades, Universidades Estatales. SERNAGEOMIN/OVDAS puede postular como servicio público nacional para equipamiento de estaciones de monitoreo volcánico en Tarapacá. Requiere proyecto inscrito en BIP + recomendación técnica MIDEPLAN + aprobación CORE.",20000000.0,2000000000.0,CLP,,,https://www.goretarapaca.gov.cl,"[""servicio p\u00fablico / municipio / universidad estatal"", ""proyecto BIP con recomendaci\u00f3n t\u00e9cnica MIDEPLAN"", ""aprobaci\u00f3n CORE regional""]","[""fundacion_hak"", ""geoimagen"", ""ovdas""]",20,20,61,0,2026-04-22 04:53:18,2026-04-22 04:53:18,Tarapacá
173,manual,FNDR Inversión Regional (2%) — Los Ríos,GORE Los Ríos,mixto,abierto,"FNDR 2% de inversión pública Región XIV. Postulantes elegibles: Servicios Públicos, Municipalidades, Universidades Estatales. SERNAGEOMIN/OVDAS puede postular como servicio público nacional para equipamiento de estaciones de monitoreo volcánico en Los Ríos. Requiere proyecto inscrito en BIP + recomendación técnica MIDEPLAN + aprobación CORE.",20000000.0,2000000000.0,CLP,,,https://www.gorelosrios.cl,"[""servicio p\u00fablico / municipio / universidad estatal"", ""proyecto BIP con recomendaci\u00f3n t\u00e9cnica MIDEPLAN"", ""aprobaci\u00f3n CORE regional""]","[""fundacion_hak"", ""geoimagen"", ""ovdas""]",20,20,61,0,2026-04-22 04:53:18,2026-04-22 04:53:18,Los Ríos
179,manual,FNDR Inversión Regional (2%) — Magallanes,GORE Magallanes,mixto,abierto,"FNDR 2% de inversión pública Región XII. Postulantes elegibles: Servicios Públicos, Municipalidades, Universidades Estatales. SERNAGEOMIN/OVDAS puede postular como servicio público nacional para equipamiento de estaciones de monitoreo volcánico en Magallanes. Requiere proyecto inscrito en BIP + recomendación técnica MIDEPLAN + aprobación CORE.",20000000.0,2000000000.0,CLP,,,https://www.goremagallanes.cl,"[""servicio p\u00fablico / municipio / universidad estatal"", ""proyecto BIP con recomendaci\u00f3n t\u00e9cnica MIDEPLAN"", ""aprobaci\u00f3n CORE regional""]","[""fundacion_hak"", ""geoimagen"", ""ovdas""]",20,20,61,0,2026-04-22 04:53:18,2026-04-22 04:53:18,Magallanes
177,manual,FNDR Inversión Regional (2%) — Aysén,GORE Aysén,mixto,abierto,"FNDR 2% de inversión pública Región XI. Postulantes elegibles: Servicios Públicos, Municipalidades, Universidades Estatales. SERNAGEOMIN/OVDAS puede postular como servicio público nacional para equipamiento de estaciones de monitoreo volcánico en Aysén. Requiere proyecto inscrito en BIP + recomendación técnica MIDEPLAN + aprobación CORE.",20000000.0,2000000000.0,CLP,,,https://www.goreaysen.cl,"[""servicio p\u00fablico / municipio / universidad estatal"", ""proyecto BIP con recomendaci\u00f3n t\u00e9cnica MIDEPLAN"", ""aprobaci\u00f3n CORE regional""]","[""fundacion_hak"", ""geoimagen"", ""ovdas""]",20,20,61,0,2026-04-22 04:53:18,2026-04-22 04:53:18,Aysén
175,manual,FNDR Inversión Regional (2%) — Los Lagos,GORE Los Lagos,mixto,abierto,"FNDR 2% de inversión pública Región X. Postulantes elegibles: Servicios Públicos, Municipalidades, Universidades Estatales. SERNAGEOMIN/OVDAS puede postular como servicio público nacional para equipamiento de estaciones de monitoreo volcánico en Los Lagos. Requiere proyecto inscrito en BIP + recomendación técnica MIDEPLAN + aprobación CORE.",20000000.0,2000000000.0,CLP,,,https://www.goreloslagos.cl,"[""servicio p\u00fablico / municipio / universidad estatal"", ""proyecto BIP con recomendaci\u00f3n t\u00e9cnica MIDEPLAN"", ""aprobaci\u00f3n CORE regional""]","[""fundacion_hak"", ""geoimagen"", ""ovdas""]",20,20,61,0,2026-04-22 04:53:18,2026-04-22 04:53:18,Los Lagos
142,manual,IAVCEI — International Association of Volcanology,IAVCEI,ciencia,abierto,"Asociación internacional de volcanología. Grants para viáticos a congresos, investigación colaborativa, Early Career Researcher grants. IAVCEI Assembly 2025 en Ginebra. OVDAS es miembro institucional natural.",2000.0,30000.0,USD,,,https://www.iavceivolcano.org/,"[""miembro IAVCEI"", ""propuesta de investigaci\u00f3n o asistencia a congreso""]","[""geoimagen"", ""ovdas""]",20,6,57,1,2026-04-22 04:31:05,2026-04-22 04:31:05,Nacional
160,manual,[COLABORACIÓN] UNDRR — UN Office for Disaster Risk Reduction,Naciones Unidas - UNDRR,mixto,proximo,"[COLABORACIÓN MULTILATERAL] UNDRR otorga grants SOLO a ONGs (no organismos públicos directos). SERNAGEOMIN puede acceder indirectamente como socio técnico de una ONG chilena en proyectos de Reducción del Riesgo de Desastres. VÍA DE ACCESO: alianza con ONG chilena (ej. Fundaciones Red Cruz, RedHum, o CIGIDEN) que postule con SERNAGEOMIN como implementador técnico.",20000.0,500000.0,USD,,,https://www.undrr.org/implementing-sendai-framework/sendai-framework-voluntary-commitments,"[""ONG como postulante principal"", ""SERNAGEOMIN como socio t\u00e9cnico"", ""proyecto alineado Marco Sendai""]","[""fundacion_hak"", ""geoimagen"", ""ovdas""]",20,26,53,1,2026-04-22 04:53:17,2026-04-22 04:53:17,Nacional
70,manual,National Geographic — Level II Explorer Grant,National Geographic Society,ciencia,proximo,"Grant de mayor envergadura para investigadores establecidos o ex-becarios NGS. Enfoque en ciencias de la Tierra, volcanología, exploración, conservación.",20000.0,100000.0,USD,,,https://www.nationalgeographic.org/society/grants-and-investments/,"[""investigador/a establecido o ex-becario NGS"", ""proyecto de alto impacto"", ""publicaciones o trabajo previo demostrable""]","[""geoimagen"", ""ovdas""]",26,0,52,1,2026-04-12 16:28:27,2026-04-22 04:53:17,
21,manual,ESA — Copernicus Masters / Open Innovation,ESA / Copernicus,ciencia,proximo,"Competencia y subsidios para aplicaciones basadas en datos Copernicus (Sentinel). Monitoreo ambiental, emergencias.",20000.0,200000.0,EUR,,,https://copernicus-masters.com,"[""aplicaci\u00f3n con datos Copernicus"", ""empresa o startup"", ""soluci\u00f3n innovadora""]","[""geoimagen"", ""ovdas""]",51,0,51,1,2026-04-12 15:39:55,2026-04-22 04:45:45,
9,manual,FONDEF IDeA I+D,ANID,ciencia,proximo,Fondo de Fomento al Desarrollo Científico y Tecnológico. Proyectos de I+D con aplicación productiva.,25000000.0,200000000.0,CLP,,,https://www.anid.cl/fondef,"[""instituci\u00f3n ejecutora (universidad, empresa)"", ""transferencia tecnol\u00f3gica""]","[""geoimagen"", ""ovdas""]",50,0,50,0,2026-04-12 15:39:55,2026-04-22 04:53:17,
5,manual,InvestigaChile,CORFO,ciencia,proximo,Atracción de centros de I+D internacionales a Chile. Empresas con proyectos de investigación aplicada.,30000000.0,150000000.0,CLP,,,https://www.corfo.cl/sites/cpp/investigachile,"[""empresa o consorcio"", ""proyecto I+D"", ""co-financiamiento requerido""]","[""geoimagen"", ""ovdas""]",50,0,50,0,2026-04-12 15:39:55,2026-04-22 04:53:17,
8,manual,FONDECYT Regular,ANID,ciencia,cerrado,Financiamiento de proyectos de investigación científica de libre elección temática.,25000000.0,100000000.0,CLP,,,https://www.anid.cl/fondecyt-regular,"[""investigador/a con grado acad\u00e9mico"", ""adscripci\u00f3n institucional""]","[""geoimagen"", ""ovdas""]",20,0,50,0,2026-04-12 15:39:55,2026-04-22 04:53:17,
162,manual,[COLABORACIÓN] Horizon Europe — Consorcios Internacionales,Comisión Europea,ciencia,abierto,"[COLABORACIÓN MULTILATERAL EU] Chile es país asociado a Horizon Europe (desde 2023). Instituciones chilenas pueden PARTICIPAR en consorcios Europeos con financiamiento directo. Líneas relevantes: Climate, Civil Security for Society (gestión de desastres). VÍA DE ACCESO: identificar consorcio europeo (mín. 3 países UE) + postular conjuntamente. Universidad chilena como facilitador.",100000.0,3000000.0,EUR,,,https://ec.europa.eu/info/funding-tenders/opportunities/portal/screen/programmes/horizon,"[""consorcio con 3+ pa\u00edses UE"", ""universidad chilena socia"", ""propuesta competitiva""]","[""geoimagen"", ""ovdas""]",45,0,45,1,2026-04-22 04:53:17,2026-04-22 04:53:17,Nacional
23,manual,Horizon Europe — Research & Innovation,Unión Europea,ciencia,abierto,"Programa marco UE para I+D. Chile participa como país asociado. Temas: clima, tierra, sociedad.",100000.0,3000000.0,EUR,,,https://ec.europa.eu/info/horizon-europe,"[""consorcio internacional"", ""m\u00ednimo 3 pa\u00edses EU"", ""investigador/a responsable""]","[""geoimagen"", ""ovdas""]",45,0,45,1,2026-04-12 15:39:55,2026-04-22 04:53:18,
159,manual,[COLABORACIÓN] IAVCEI — Travel Grants & Scientific Collaboration,IAVCEI - International Association of Volcanology,ciencia,proximo,"[COLABORACIÓN RED CIENTÍFICA] Ofrece: (a) Travel Grants para congresos IAVCEI, (b) Early Career Researcher grants, (c) Commission-level collaboration. Montos pequeños pero con alto valor simbólico y de redes. Útil para capacitación de personal OVDAS + posicionamiento internacional. Convocatoria 2025 cerrada (nov 2024); próxima 2026-2027. IAVCEI Assembly 2025 en Ginebra.",2000.0,10000.0,USD,,,https://www.iavceivolcano.org/,"[""miembro IAVCEI"", ""propuesta cient\u00edfica o asistencia congreso"", ""preferencia ECR / pa\u00edses ingreso bajo-medio""]","[""geoimagen"", ""ovdas""]",20,6,45,1,2026-04-22 04:53:17,2026-04-22 04:53:17,Nacional
132,manual,CORFO — Bienes Públicos para la Competitividad,CORFO,ciencia,abierto,"Hasta $200M con 85% cofinanciamiento CORFO. SERNAGEOMIN NO es beneficiario directo: entra como 'Mandante' (patrocinador), requiere entidad beneficiaria (universidad/centro I+D) + empresas asociadas. Útil si SERNAGEOMIN quiere promover una plataforma de datos volcánicos de uso público. Convocatorias regionales 2026 abiertas en Los Lagos y Metropolitana.",120000000.0,200000000.0,CLP,,,https://www.corfo.gob.cl/sites/cpp/inf/bienes-publicos,"[""beneficiaria = universidad/centro I+D"", ""SERNAGEOMIN como Mandante"", ""empresas asociadas""]","[""geoimagen"", ""ovdas""]",20,0,41,0,2026-04-22 04:31:05,2026-04-22 04:53:17,Nacional
68,manual,National Geographic — Early Career Grant,National Geographic Society,ciencia,proximo,"Apoyo a investigadores y exploradores emergentes (menos de 5 años de experiencia). Ciencias de la Tierra, conservación, culturas humanas, salud planetaria.",5000.0,10000.0,USD,,,https://www.nationalgeographic.org/society/grants-and-investments/,"[""18+ a\u00f1os"", ""menos de 5 a\u00f1os de experiencia profesional"", ""proyecto de exploraci\u00f3n o investigaci\u00f3n""]","[""geoimagen"", ""ovdas""]",26,0,40,1,2026-04-12 16:28:27,2026-04-22 04:53:17,
57,manual,FNDR 8% — Vinculación con la Comunidad,GORE La Araucanía,comunitario,proximo,"Fondo regional con 9 líneas: cultura, seguridad ciudadana, medioambiente, deporte, adulto mayor, proyectos sociales, infraestructura comunitaria, participación ciudadana. Para organizaciones sin fines de lucro.",1000000.0,50000000.0,CLP,,,https://fndr8.gorearaucania.cl/,"[""organizaci\u00f3n con personalidad jur\u00eddica"", ""sin rendiciones pendientes con GORE"", ""proyecto de impacto regional""]","[""fundacion_hak"", ""ovdas""]",10,60,38,0,2026-04-12 16:28:27,2026-04-22 04:53:17,La Araucanía
86,manual,FIC-R Valparaíso — Innovación y Competitividad,GORE Valparaíso / CORFO,ciencia,proximo,"Fondo de Innovación para la Competitividad Regional V. Financia proyectos de I+D, innovación tecnológica, transferencia tecnológica y capacidades de innovación productiva en la región. Co-ejecutado con CORFO y universidades regionales.",5000000.0,500000000.0,CLP,,,https://www.gorevalparaiso.cl,"[""instituci\u00f3n p\u00fablica o privada sin fines de lucro"", ""ejecuci\u00f3n en la regi\u00f3n"", ""co-financiamiento m\u00ednimo 30%"", ""transferencia tecnol\u00f3gica al sector productivo""]","[""geoimagen"", ""ovdas""]",20,0,35,0,2026-04-12 16:39:35,2026-04-22 04:53:18,Valparaíso
88,manual,FIC-R Metropolitana — Innovación y Competitividad,GORE Metropolitana / CORFO,ciencia,proximo,"Fondo de Innovación para la Competitividad Regional RM. Financia proyectos de I+D, innovación tecnológica, transferencia tecnológica y capacidades de innovación productiva en la región. Co-ejecutado con CORFO y universidades regionales.",5000000.0,500000000.0,CLP,,,https://www.gorerm.cl,"[""instituci\u00f3n p\u00fablica o privada sin fines de lucro"", ""ejecuci\u00f3n en la regi\u00f3n"", ""co-financiamiento m\u00ednimo 30%"", ""transferencia tecnol\u00f3gica al sector productivo""]","[""geoimagen"", ""ovdas""]",20,0,35,0,2026-04-12 16:39:35,2026-04-22 04:53:18,Metropolitana
108,manual,Fondo para la Equidad de Género (FEG) — SERNAMEG,SERNAMEG / Ministerio de la Mujer,comunitario,proximo,"Financia proyectos que promuevan la equidad de género, prevención de violencia, autonomía económica de mujeres, liderazgo femenino. Activo 2025.",1500000.0,3000000.0,CLP,,,https://www.sernameg.gob.cl/,"[""organizaci\u00f3n sin fines de lucro"", ""proyecto de g\u00e9nero o empoderamiento femenino"", ""personalidad jur\u00eddica""]","[""fundacion_hak"", ""ovdas""]",0,20,35,0,2026-04-12 20:36:11,2026-04-22 04:53:17,
103,manual,Fondo de Protección Ambiental (FPA) — MMA,Ministerio del Medio Ambiente,comunitario,proximo,"Múltiples líneas: Proyectos Sustentables, Eco-Desafíos, Santuarios de la Naturaleza, Humedales, Establecimientos Educacionales, Pueblos Indígenas, Reciclaje. Hasta $21M. Activo 2025.",1000000.0,21000000.0,CLP,,,https://fondos.mma.gob.cl/fpa/,"[""organizaci\u00f3n con personalidad jur\u00eddica"", ""proyecto de impacto ambiental"", ""comunidad o establecimiento educacional""]","[""fundacion_hak"", ""ovdas""]",0,20,35,0,2026-04-12 20:36:11,2026-04-22 04:53:17,
107,manual,Fondo de Medios de Comunicación Social — SEGEGOB,Ministerio Secretaría General de Gobierno / DOS,comunitario,proximo,"Financia medios de comunicación social regionales, provinciales y comunales. Prensa escrita, radio, TV regional. Presupuesto 2025: $2.443M. Activo, cerró abril 2025.",500000.0,20000000.0,CLP,,,https://fondodemedios.gob.cl/,"[""medio de comunicaci\u00f3n social regional o provincial"", ""personalidad jur\u00eddica vigente"", ""cobertura territorial verificable""]","[""fundacion_hak"", ""ovdas""]",0,20,35,0,2026-04-12 20:36:11,2026-04-22 04:53:17,
102,manual,Ciencia Pública — Concurso Nacional de Divulgación,"Ministerio de Ciencia, Tecnología, Conocimiento e Innovación",ciencia,proximo,"Financia proyectos de divulgación y socialización del conocimiento. Líneas: Productos de Divulgación (hasta $20M), Exposiciones y Espacios Públicos (hasta $40M), Conocimiento Local para organizaciones comunitarias (hasta $5M). Activo 2025, convocatorias mayo-junio.",1000000.0,40000000.0,CLP,,,https://cienciapublica.cl/concursos/,"[""instituci\u00f3n, organizaci\u00f3n o persona natural"", ""proyecto de divulgaci\u00f3n cient\u00edfica"", ""alianza con comunidad o espacio p\u00fablico""]","[""geoimagen"", ""ovdas""]",20,0,35,0,2026-04-12 20:36:11,2026-04-22 04:53:17,
123,manual,"FNDR 6% — Deporte, Cultura, Seguridad, Medioambiente La Araucanía",GORE La Araucanía,comunitario,abierto,"Fondo para proyectos en líneas de deporte, cultura, seguridad ciudadana y medioambiente. Hasta $25M para municipios; hasta $5M para privados. Incluye seguridad comunitaria que puede vincularse con alertas tempranas volcánicas.",2000000.0,25000000.0,CLP,,,https://gorearaucania.cl/index.php?id=1143,"[""organizaci\u00f3n de La Araucan\u00eda con personalidad jur\u00eddica"", ""proyecto en las 4 l\u00edneas espec\u00edficas""]","[""fundacion_hak"", ""ovdas""]",10,30,30,0,2026-04-22 04:31:05,2026-04-22 04:31:05,La Araucanía
143,manual,FIC-R Araucanía — Innovación y Competitividad,GORE La Araucanía,ciencia,proximo,Fondo de Innovación para la Competitividad Regional. Financia proyectos de I+D+i con impacto en la región.,50000000.0,300000000.0,CLP,,,https://www.gorelaAraucania.cl/fic,"[""ejecuci\u00f3n en regi\u00f3n"", ""co-financiamiento 30%"", ""transferencia tecnol\u00f3gica""]","[""geoimagen"", ""ovdas""]",30,10,30,0,2026-04-22 04:45:44,2026-04-22 04:53:17,La Araucanía
58,manual,FRPD — Fondo Regional para la Productividad y Desarrollo,GORE La Araucanía,ciencia,proximo,"Dos líneas: Actividades Productivas (hasta $1.500M, 36 meses) e I+D Científico-Tecnológico (hasta $250M, 24 meses). Para instituciones privadas y organizaciones.",10000000.0,1500000000.0,CLP,,,https://gorearaucania.cl/fondo-regional-productividad-desarrollo,"[""instituci\u00f3n privada o sin fines de lucro"", ""ejecuci\u00f3n en La Araucan\u00eda"", ""co-financiamiento requerido""]","[""geoimagen"", ""ovdas""]",30,10,30,0,2026-04-12 16:28:27,2026-04-22 04:53:17,La Araucanía
114,manual,CBM — Christoffel-Blindenmission (Proyectos Ceguera Latam),CBM International,comunitario,abierto,ONG alemana especializada en ceguera y discapacidad múltiple. Financia organizaciones locales que trabajan con personas con discapacidad visual en países de bajos y medianos ingresos. Alta relevancia para HAK en comunidades rurales de La Araucanía.,10000.0,200000.0,EUR,,,https://www.cbm.org/,"[""ONG local con trayectoria en discapacidad visual"", ""comunidades vulnerables o rurales"", ""capacidad de rendici\u00f3n en ingl\u00e9s o alem\u00e1n""]","[""fundacion_hak"", ""ovdas""]",10,48,30,1,2026-04-12 20:36:11,2026-04-22 04:53:17,
17,manual,FNDR Social — Proyectos de Organizaciones Sociales,GORE La Araucanía / SUBDERE,comunitario,proximo,Fondo Nacional de Desarrollo Regional. Financia proyectos sociales de organizaciones de la sociedad civil.,5000000.0,100000000.0,CLP,,,https://www.subdere.gov.cl/fndr,"[""organizaci\u00f3n con personalidad jur\u00eddica"", ""proyecto de impacto regional""]","[""fundacion_hak"", ""ovdas""]",10,66,30,0,2026-04-12 15:39:55,2026-04-22 04:53:17,La Araucanía
85,manual,FNDR 8% Social — Valparaíso,GORE Valparaíso,comunitario,proximo,"Fondo Nacional de Desarrollo Regional (8% social) Región V. Financia proyectos de organizaciones sin fines de lucro. Líneas habituales: educación, cultura, deporte, medioambiente, social, infraestructura comunitaria, adulto mayor, seguridad ciudadana. Cada GORE define sus líneas anuales.",500000.0,50000000.0,CLP,,,https://www.gorevalparaiso.cl,"[""organizaci\u00f3n con personalidad jur\u00eddica vigente"", ""sin rendiciones pendientes con GORE"", ""proyecto de impacto en la regi\u00f3n""]","[""fundacion_hak"", ""ovdas""]",0,50,28,0,2026-04-12 16:39:35,2026-04-22 04:53:18,Valparaíso
99,manual,FNDR 8% Social — Magallanes,GORE Magallanes,comunitario,proximo,"Fondo Nacional de Desarrollo Regional (8% social) Región XII. Financia proyectos de organizaciones sin fines de lucro. Líneas habituales: educación, cultura, deporte, medioambiente, social, infraestructura comunitaria, adulto mayor, seguridad ciudadana. Cada GORE define sus líneas anuales.",500000.0,50000000.0,CLP,,,https://www.goremagallanes.cl,"[""organizaci\u00f3n con personalidad jur\u00eddica vigente"", ""sin rendiciones pendientes con GORE"", ""proyecto de impacto en la regi\u00f3n""]","[""fundacion_hak"", ""ovdas""]",0,50,28,0,2026-04-12 16:39:35,2026-04-22 04:53:18,Magallanes
98,manual,FNDR 8% Social — Aysén,GORE Aysén,comunitario,proximo,"Fondo Nacional de Desarrollo Regional (8% social) Región XI. Financia proyectos de organizaciones sin fines de lucro. Líneas habituales: educación, cultura, deporte, medioambiente, social, infraestructura comunitaria, adulto mayor, seguridad ciudadana. Cada GORE define sus líneas anuales.",500000.0,50000000.0,CLP,,,https://www.goreaysen.cl,"[""organizaci\u00f3n con personalidad jur\u00eddica vigente"", ""sin rendiciones pendientes con GORE"", ""proyecto de impacto en la regi\u00f3n""]","[""fundacion_hak"", ""ovdas""]",0,50,28,0,2026-04-12 16:39:35,2026-04-22 04:53:18,Aysén
94,manual,FNDR 8% Social — Los Ríos,GORE Los Ríos,comunitario,proximo,"Fondo Nacional de Desarrollo Regional (8% social) Región XIV. Financia proyectos de organizaciones sin fines de lucro. Líneas habituales: educación, cultura, deporte, medioambiente, social, infraestructura comunitaria, adulto mayor, seguridad ciudadana. Cada GORE define sus líneas anuales.",500000.0,50000000.0,CLP,,,https://www.gorelosrios.cl,"[""organizaci\u00f3n con personalidad jur\u00eddica vigente"", ""sin rendiciones pendientes con GORE"", ""proyecto de impacto en la regi\u00f3n""]","[""fundacion_hak"", ""ovdas""]",0,50,28,0,2026-04-12 16:39:35,2026-04-22 04:53:18,Los Ríos
90,manual,FNDR 8% Social — Maule,GORE Maule,comunitario,proximo,"Fondo Nacional de Desarrollo Regional (8% social) Región VII. Financia proyectos de organizaciones sin fines de lucro. Líneas habituales: educación, cultura, deporte, medioambiente, social, infraestructura comunitaria, adulto mayor, seguridad ciudadana. Cada GORE define sus líneas anuales.",500000.0,50000000.0,CLP,,,https://www.goremaule.cl,"[""organizaci\u00f3n con personalidad jur\u00eddica vigente"", ""sin rendiciones pendientes con GORE"", ""proyecto de impacto en la regi\u00f3n""]","[""fundacion_hak"", ""ovdas""]",0,50,28,0,2026-04-12 16:39:35,2026-04-22 04:53:18,Maule
93,manual,FNDR 8% Social — Ñuble,GORE Ñuble,comunitario,proximo,"Fondo Nacional de Desarrollo Regional (8% social) Región XVI. Financia proyectos de organizaciones sin fines de lucro. Líneas habituales: educación, cultura, deporte, medioambiente, social, infraestructura comunitaria, adulto mayor, seguridad ciudadana. Cada GORE define sus líneas anuales.",500000.0,50000000.0,CLP,,,https://www.goreniuble.cl,"[""organizaci\u00f3n con personalidad jur\u00eddica vigente"", ""sin rendiciones pendientes con GORE"", ""proyecto de impacto en la regi\u00f3n""]","[""fundacion_hak"", ""ovdas""]",0,50,28,0,2026-04-12 16:39:35,2026-04-22 04:53:18,Ñuble
91,manual,FNDR 8% Social — Biobío,GORE Biobío,comunitario,proximo,"Fondo Nacional de Desarrollo Regional (8% social) Región VIII. Financia proyectos de organizaciones sin fines de lucro. Líneas habituales: educación, cultura, deporte, medioambiente, social, infraestructura comunitaria, adulto mayor, seguridad ciudadana. Cada GORE define sus líneas anuales.",500000.0,50000000.0,CLP,,,https://www.gorebiobio.cl,"[""organizaci\u00f3n con personalidad jur\u00eddica vigente"", ""sin rendiciones pendientes con GORE"", ""proyecto de impacto en la regi\u00f3n""]","[""fundacion_hak"", ""ovdas""]",0,50,28,0,2026-04-12 16:39:35,2026-04-22 04:53:18,Biobío
89,manual,FNDR 8% Social — O'Higgins,GORE O'Higgins,comunitario,proximo,"Fondo Nacional de Desarrollo Regional (8% social) Región VI. Financia proyectos de organizaciones sin fines de lucro. Líneas habituales: educación, cultura, deporte, medioambiente, social, infraestructura comunitaria, adulto mayor, seguridad ciudadana. Cada GORE define sus líneas anuales.",500000.0,50000000.0,CLP,,,https://www.goreohiggins.cl,"[""organizaci\u00f3n con personalidad jur\u00eddica vigente"", ""sin rendiciones pendientes con GORE"", ""proyecto de impacto en la regi\u00f3n""]","[""fundacion_hak"", ""ovdas""]",0,50,28,0,2026-04-12 16:39:35,2026-04-22 04:53:18,O'Higgins
66,manual,CONAF — Fondo de Investigación del Bosque Nativo,CONAF,ciencia,proximo,"Investigación, manejo y conservación de ecosistemas de bosque nativo chileno. Presupuesto de personal limitado al 40% del total.",10000000.0,200000000.0,CLP,,,https://fondos.gob.cl/ficha/conaf/fibn/,"[""instituci\u00f3n de investigaci\u00f3n"", ""proyecto de bosque nativo"", ""inicio ejecuci\u00f3n desde febrero a\u00f1o siguiente""]","[""geoimagen"", ""ovdas""]",32,0,28,0,2026-04-12 16:28:27,2026-04-22 04:53:17,
67,manual,Fundación Mar Adentro — FMA Fund,Fundación Mar Adentro (Chile),ciencia,abierto,"Fondo para conservación de biodiversidad y monitoreo ecosistémico. Apoya investigación de campo, documentación de conocimiento indígena asociado a conservación. Implementación diciembre 2025 - agosto 2026.",1000000.0,6000000.0,CLP,,,https://fundacionmaradentro.cl/en/,"[""personas 21+, ONGs, instituciones"", ""ciudadano chileno o residente permanente"", ""proyecto de conservaci\u00f3n o biodiversidad""]","[""fundacion_hak"", ""geoimagen"", ""ovdas""]",20,12,28,0,2026-04-12 16:28:27,2026-04-22 04:53:17,
78,manual,UNEP — Net-Zero Nature-Positive Accelerator Chile,PNUMA / GEF / CAF,ciencia,abierto,"Programa USD 5.3M en Chile (parte de programa global de USD 100M, 4 años desde oct 2025). Foco: descarbonización, energía, uso de suelo, conservación. Co-financiado por GEF, CAF y Banco Asiático de Desarrollo.",50000.0,1000000.0,USD,,,https://www.unep.org/,"[""instituci\u00f3n o empresa con proyecto de descarbonizaci\u00f3n o conservaci\u00f3n"", ""ejecuci\u00f3n en Chile"", ""impacto medible""]","[""geoimagen"", ""ovdas""]",20,0,28,1,2026-04-12 16:28:27,2026-04-22 04:53:17,
76,manual,Moore Foundation — Andes-Amazon Initiative,Gordon and Betty Moore Foundation (EE.UU.),ciencia,abierto,"Iniciativa de conservación $800M+ hasta 2031. Cubre Chile (tierras protegidas, ecosistemas). Convocatoria solo por invitación: enviar carta de consulta a inquiry@moore.org (máx. 100 palabras).",100000.0,5000000.0,USD,,,https://www.moore.org/,"[""organizaci\u00f3n de conservaci\u00f3n o investigaci\u00f3n"", ""proyecto en Andes o Amazon\u00eda"", ""primer paso: email de 100 palabras a inquiry@moore.org""]","[""geoimagen"", ""ovdas""]",32,0,28,1,2026-04-12 16:28:27,2026-04-22 04:53:17,
96,manual,FNDR 8% Social — Los Lagos,GORE Los Lagos,comunitario,proximo,"Fondo Nacional de Desarrollo Regional (8% social) Región X. Financia proyectos de organizaciones sin fines de lucro. Líneas habituales: educación, cultura, deporte, medioambiente, social, infraestructura comunitaria, adulto mayor, seguridad ciudadana. Cada GORE define sus líneas anuales.",500000.0,50000000.0,CLP,,,https://www.goreloslagos.cl,"[""organizaci\u00f3n con personalidad jur\u00eddica vigente"", ""sin rendiciones pendientes con GORE"", ""proyecto de impacto en la regi\u00f3n""]","[""fundacion_hak"", ""ovdas""]",0,50,28,0,2026-04-12 16:39:35,2026-04-22 04:53:18,Los Lagos
80,manual,FNDR 8% Social — Tarapacá,GORE Tarapacá,comunitario,proximo,"Fondo Nacional de Desarrollo Regional (8% social) Región I. Financia proyectos de organizaciones sin fines de lucro. Líneas habituales: educación, cultura, deporte, medioambiente, social, infraestructura comunitaria, adulto mayor, seguridad ciudadana. Cada GORE define sus líneas anuales.",500000.0,50000000.0,CLP,,,https://www.goretarapaca.gov.cl,"[""organizaci\u00f3n con personalidad jur\u00eddica vigente"", ""sin rendiciones pendientes con GORE"", ""proyecto de impacto en la regi\u00f3n""]","[""fundacion_hak"", ""ovdas""]",0,50,28,0,2026-04-12 16:39:35,2026-04-22 04:53:18,Tarapacá
79,manual,FNDR 8% Social — Arica y Parinacota,GORE Arica y Parinacota,comunitario,proximo,"Fondo Nacional de Desarrollo Regional (8% social) Región XV. Financia proyectos de organizaciones sin fines de lucro. Líneas habituales: educación, cultura, deporte, medioambiente, social, infraestructura comunitaria, adulto mayor, seguridad ciudadana. Cada GORE define sus líneas anuales.",500000.0,50000000.0,CLP,,,https://www.gorearica.cl,"[""organizaci\u00f3n con personalidad jur\u00eddica vigente"", ""sin rendiciones pendientes con GORE"", ""proyecto de impacto en la regi\u00f3n""]","[""fundacion_hak"", ""ovdas""]",0,50,28,0,2026-04-12 16:39:35,2026-04-22 04:53:18,Arica y Parinacota
59,manual,FONDECOV — Fondo Desarrollo Comunitario y Vecinal Temuco,Municipalidad de Temuco,comunitario,proximo,"Proyectos sociales, culturales, deportivos, medioambientales, infraestructura, seguridad ciudadana para organizaciones comunitarias de Temuco.",500000.0,10000000.0,CLP,,,https://www.temuco.cl/tramites-servicios/fondo-de-desarrollo-comunitario-y-vecinal-fondecov/,"[""organizaci\u00f3n comunitaria registrada en Temuco"", ""sin deudas municipales previas""]","[""fundacion_hak"", ""ovdas""]",0,20,28,0,2026-04-12 16:28:27,2026-04-22 04:53:17,
87,manual,FNDR 8% Social — Metropolitana,GORE Metropolitana,comunitario,proximo,"Fondo Nacional de Desarrollo Regional (8% social) Región RM. Financia proyectos de organizaciones sin fines de lucro. Líneas habituales: educación, cultura, deporte, medioambiente, social, infraestructura comunitaria, adulto mayor, seguridad ciudadana. Cada GORE define sus líneas anuales.",500000.0,50000000.0,CLP,,,https://www.gorerm.cl,"[""organizaci\u00f3n con personalidad jur\u00eddica vigente"", ""sin rendiciones pendientes con GORE"", ""proyecto de impacto en la regi\u00f3n""]","[""fundacion_hak"", ""ovdas""]",0,50,28,0,2026-04-12 16:39:35,2026-04-22 04:53:18,Metropolitana
84,manual,FNDR 8% Social — Coquimbo,GORE Coquimbo,comunitario,proximo,"Fondo Nacional de Desarrollo Regional (8% social) Región IV. Financia proyectos de organizaciones sin fines de lucro. Líneas habituales: educación, cultura, deporte, medioambiente, social, infraestructura comunitaria, adulto mayor, seguridad ciudadana. Cada GORE define sus líneas anuales.",500000.0,50000000.0,CLP,,,https://www.gorecoquimbo.cl,"[""organizaci\u00f3n con personalidad jur\u00eddica vigente"", ""sin rendiciones pendientes con GORE"", ""proyecto de impacto en la regi\u00f3n""]","[""fundacion_hak"", ""ovdas""]",0,50,28,0,2026-04-12 16:39:35,2026-04-22 04:53:18,Coquimbo
83,manual,FNDR 8% Social — Atacama,GORE Atacama,comunitario,proximo,"Fondo Nacional de Desarrollo Regional (8% social) Región III. Financia proyectos de organizaciones sin fines de lucro. Líneas habituales: educación, cultura, deporte, medioambiente, social, infraestructura comunitaria, adulto mayor, seguridad ciudadana. Cada GORE define sus líneas anuales.",500000.0,50000000.0,CLP,,,https://www.goreatacama.cl,"[""organizaci\u00f3n con personalidad jur\u00eddica vigente"", ""sin rendiciones pendientes con GORE"", ""proyecto de impacto en la regi\u00f3n""]","[""fundacion_hak"", ""ovdas""]",0,50,28,0,2026-04-12 16:39:35,2026-04-22 04:53:18,Atacama
81,manual,FNDR 8% Social — Antofagasta,GORE Antofagasta,comunitario,proximo,"Fondo Nacional de Desarrollo Regional (8% social) Región II. Financia proyectos de organizaciones sin fines de lucro. Líneas habituales: educación, cultura, deporte, medioambiente, social, infraestructura comunitaria, adulto mayor, seguridad ciudadana. Cada GORE define sus líneas anuales.",500000.0,50000000.0,CLP,,,https://www.goreantofagasta.cl,"[""organizaci\u00f3n con personalidad jur\u00eddica vigente"", ""sin rendiciones pendientes con GORE"", ""proyecto de impacto en la regi\u00f3n""]","[""fundacion_hak"", ""ovdas""]",0,50,28,0,2026-04-12 16:39:35,2026-04-22 04:53:18,Antofagasta
71,manual,GEF Small Grants Programme (SGP),UNDP / Fondo para el Medio Ambiente Mundial,comunitario,abierto,"Subvenciones pequeñas para ONGs y organizaciones comunitarias en Chile. Foco: pueblos indígenas, mujeres, juventud. Biodiversidad, cambio climático, contaminantes, degradación de suelos, aguas internacionales.",10000.0,75000.0,USD,,,https://sgp.undp.org/,"[""ONG o organizaci\u00f3n comunitaria"", ""Chile es pa\u00eds elegible"", ""alineaci\u00f3n con estrategia-pa\u00eds GEF-SGP""]","[""fundacion_hak"", ""ovdas""]",0,26,26,1,2026-04-12 16:28:27,2026-04-22 04:53:17,
15,manual,Fondo del Patrimonio Cultural,"Ministerio de las Culturas, Artes y el Patrimonio",cultural,proximo,"Conservación, difusión y puesta en valor del patrimonio cultural material e inmaterial.",5000000.0,50000000.0,CLP,,,https://fondosypostulaciones.cultura.gob.cl,"[""proyecto de patrimonio"", ""instituci\u00f3n o persona jur\u00eddica""]","[""fundacion_hak"", ""ovdas""]",0,50,23,0,2026-04-12 15:39:55,2026-04-22 04:53:17,
116,manual,Fondation Botnar — Fit4Future (Tecnología y Juventud),Fondation Botnar (Suiza),mixto,proximo,"Fundación suiza que financia tecnología digital para mejorar la vida de niños y jóvenes en ciudades de países en desarrollo. Programas activos en Latam (Colombia, Ecuador, expansión 2025). Relevante para Geoimagen en edu-tech con impacto social.",50000.0,500000.0,EUR,,,https://www.fondationbotnar.org/funding-opportunities/,"[""organizaci\u00f3n con soluci\u00f3n tecnol\u00f3gica para j\u00f3venes"", ""impacto medible en educaci\u00f3n o bienestar"", ""operaci\u00f3n en ciudades Latam""]","[""fundacion_hak"", ""geoimagen"", ""ovdas""]",20,26,20,1,2026-04-12 20:36:11,2026-04-22 04:53:18,
10,manual,Concurso de Inserción en la Academia,ANID,ciencia,proximo,Atracción de investigadores al sistema académico chileno.,20000000.0,80000000.0,CLP,,,https://www.anid.cl/insertion,"[""doctor/a"", ""contrataci\u00f3n instituci\u00f3n receptora""]","[""geoimagen"", ""ovdas""]",32,0,20,0,2026-04-12 15:39:55,2026-04-22 04:53:17,
110,manual,BHP Foundation — Efecto Colectivo (Chile),BHP Foundation,mixto,proximo,"Fondo de BHP para educación innovadora y comunidades. Línea educación: hasta USD 300,000. Línea norte (Fondo Norte Antofagasta): hasta CLP 180M para organizaciones de Antofagasta. Activo 2025.",5000000.0,180000000.0,CLP,,,https://www.bhp-foundation.org/en/programs-projects/chile-program/,"[""organizaci\u00f3n sin fines de lucro"", ""proyecto de educaci\u00f3n o comunidad"", ""operaci\u00f3n en zona de influencia BHP""]","[""fundacion_hak"", ""geoimagen"", ""ovdas""]",20,20,20,0,2026-04-12 20:36:11,2026-04-22 04:53:17,
69,manual,National Geographic — Level I Explorer Grant,National Geographic Society,ciencia,proximo,"Grant para primeras postulaciones o profesionales emergentes. Cubre: tierra, océano, vida silvestre, historia humana, salud planetaria. Duración 1 año.",5000.0,20000.0,USD,,,https://www.nationalgeographic.org/society/grants-and-investments/,"[""primera postulaci\u00f3n o profesional emergente"", ""proyecto de exploraci\u00f3n o investigaci\u00f3n"", ""voluntad de difusi\u00f3n p\u00fablica""]","[""geoimagen"", ""ovdas""]",20,0,20,1,2026-04-12 16:28:27,2026-04-22 04:53:17,
74,manual,Fulbright — Scholar Program Chile,Fulbright / Comisión Fulbright Chile,ciencia,proximo,Becas de investigación para académicos y profesionales chilenos en universidades de EE.UU. 4 meses de investigación. Requiere grado terminal (PhD o equivalente).,,,USD,,,https://us.fulbrightonline.org/countries/western-hemisphere/chile,"[""grado doctoral o equivalente"", ""adscripci\u00f3n institucional"", ""proyecto de investigaci\u00f3n"", ""deadline octubre 2026""]","[""geoimagen"", ""ovdas""]",20,0,20,1,2026-04-12 16:28:27,2026-04-22 04:53:17,
7,manual,FONDECYT Iniciación,ANID,ciencia,cerrado,Financiamiento de investigación científica y tecnológica para investigadores jóvenes (hasta 10 años desde doctorado).,15000000.0,40000000.0,CLP,,,https://www.anid.cl/fondecyt-iniciacion,"[""doctor/a"", ""adscripci\u00f3n institucional"", ""hasta 10 a\u00f1os post-doctorado""]","[""geoimagen"", ""ovdas""]",20,0,20,0,2026-04-12 15:39:55,2026-04-22 04:53:17,
72,manual,OEI — Fondo Transformación Digital Educación y Cultura,Organización de Estados Iberoamericanos,mixto,proximo,"Financia proyectos de digitalización en educación, cultura, ciencia y derechos humanos en países iberoamericanos. Ronda anterior: 18 proyectos de 15 países, $3M USD total.",50000.0,300000.0,USD,,,https://oei.int/,"[""instituci\u00f3n de pa\u00eds iberoamericano"", ""proyecto de transformaci\u00f3n digital"", ""espa\u00f1ol o portugu\u00e9s""]","[""fundacion_hak"", ""geoimagen"", ""ovdas""]",20,20,20,1,2026-04-12 16:28:27,2026-04-22 04:53:17,
64,manual,UFRO — Concurso Interno de Investigación Científica,Universidad de La Frontera,ciencia,abierto,"Líneas: Iniciación (hasta $8M), Intermedio y Regular. Prioriza colaboración interdisciplinaria y perspectiva de género. Para investigadores con adscripción UFRO.",3000000.0,30000000.0,CLP,,,https://www.ufro.cl,"[""investigador/a adscrito a UFRO"", ""proyecto de investigaci\u00f3n viable"", ""grado acad\u00e9mico""]","[""geoimagen"", ""ovdas""]",20,0,20,0,2026-04-12 16:28:27,2026-04-22 04:53:17,
150,manual,BID Lab — Innovación para el Desarrollo,BID / IDB,mixto,abierto,"Laboratorio de innovación del Banco Interamericano. Fondos para innovación social, tecnología y emprendimiento en ALC.",50000.0,500000.0,USD,,,https://bidlab.org,"[""empresa, startup o ONG de ALC"", ""soluci\u00f3n innovadora"", ""postulaci\u00f3n en espa\u00f1ol/ingl\u00e9s""]","[""fundacion_hak"", ""geoimagen"", ""ovdas""]",26,51,20,1,2026-04-22 04:45:45,2026-04-22 04:53:18,
18,manual,Fondo Social Presidente de la República,SEGPRES / Intendencias,comunitario,abierto,"Fondos para organizaciones comunitarias. Proyectos sociales, culturales, deportivos.",500000.0,15000000.0,CLP,,,https://www.gobiernodigital.gob.cl,"[""organizaci\u00f3n comunitaria"", ""personalidad jur\u00eddica vigente""]","[""fundacion_hak"", ""ovdas""]",0,20,20,0,2026-04-12 15:39:55,2026-04-22 04:53:17,
65,manual,INJUV — Compromiso Joven,INJUV,comunitario,abierto,Financiamiento de proyectos sociales liderados por jóvenes (15-29 años) en 70 comunas. Incluye capacitación + ejecución de proyectos comunitarios.,500000.0,5000000.0,CLP,,,https://web.injuv.gob.cl/fondos-concursables-injuv,"[""j\u00f3venes 15-29 a\u00f1os"", ""organizaci\u00f3n juvenil"", ""proyecto de impacto comunitario""]","[""fundacion_hak"", ""ovdas""]",0,20,20,0,2026-04-12 16:28:27,2026-04-22 04:53:17,
104,manual,FONDEPORTE — Fondo Nacional de Fomento del Deporte,Instituto Nacional de Deportes,comunitario,proximo,"Financia proyectos deportivos comunitarios, clubes, actividad física. Presupuesto 2025: $3.599M. Convocatoria octubre-noviembre. Activo 2025.",500000.0,10000000.0,CLP,,,https://ind.cl/fondeporte/,"[""organizaci\u00f3n deportiva con personalidad jur\u00eddica"", ""proyecto de fomento deportivo comunitario""]","[""fundacion_hak"", ""ovdas""]",0,20,20,0,2026-04-12 20:36:11,2026-04-22 04:53:17,
100,manual,SENADIS — Tránsito a la Vida Independiente (TVI),SENADIS,comunitario,proximo,Programa para personas con discapacidad que viven en situación de dependencia institucional. Apoya la transición hacia vida independiente con apoyos comunitarios. Complementario al FONAPI.,2000000.0,15000000.0,CLP,,,https://www.senadis.gob.cl,"[""organizaci\u00f3n o instituci\u00f3n"", ""trabajo con personas con discapacidad en contexto institucional""]","[""fundacion_hak"", ""ovdas""]",0,32,20,0,2026-04-12 20:36:11,2026-04-22 04:53:17,
115,manual,Perkins International — Programas Educación Inclusiva Visual,Perkins School for the Blind (USA),comunitario,abierto,"La escuela que formó a Anne Sullivan (maestra de Helen Keller) financia y asesora programas de educación para personas con discapacidad visual en Latam. Ofrece capacitación, materiales y conexión con red global. Relevancia simbólica y práctica para Fundación HAK.",5000.0,50000.0,USD,,,https://www.perkins.org/,"[""instituci\u00f3n de educaci\u00f3n inclusiva"", ""trabajo con personas con discapacidad visual"", ""capacidad t\u00e9cnica en tiflolog\u00eda o educaci\u00f3n especial""]","[""fundacion_hak"", ""ovdas""]",0,50,20,1,2026-04-12 20:36:11,2026-04-22 04:53:18,
73,manual,Ashoka Fellowship — Innovación Social,Ashoka,comunitario,abierto,"Fellowship para emprendedores sociales con ideas innovadoras de impacto sistémico. No es un grant fijo: apoya con red global, credibilidad y recursos. Aplicación por nominación o auto-nominación continua.",,,USD,,,https://www.ashoka.org/en-us/program/ashoka-fellowship,"[""idea sist\u00e9micamente innovadora"", ""impacto social demostrable o potencial"", ""liderazgo \u00e9tico"", ""Chile elegible""]","[""fundacion_hak"", ""ovdas""]",0,20,20,1,2026-04-12 16:28:27,2026-04-22 04:53:17,
60,manual,Subvención Municipal Directa Temuco,Municipalidad de Temuco,comunitario,abierto,"Subsidio directo a organizaciones para proyectos sociales, culturales, educativos o deportivos en la comuna de Temuco.",500000.0,5000000.0,CLP,,,https://www.temuco.cl/tramites-servicios/solicitud-subvencion-municipal-directa/,"[""personalidad jur\u00eddica vigente"", ""domicilio en Temuco"", ""sin rendiciones pendientes""]","[""fundacion_hak"", ""ovdas""]",0,20,20,0,2026-04-12 16:28:27,2026-04-22 04:53:17,
77,manual,Open Society Foundations — América Latina,Open Society Foundations (EE.UU.),comunitario,abierto,"USD 19.5M para justicia medioambiental y crecimiento económico justo en ALC. Apoya sociedad civil, derechos indígenas, mujeres, comunidades afrodescendientes. Solicitud mediante carta de consulta (sin plazo fijo).",20000.0,500000.0,USD,,,https://www.opensocietyfoundations.org/what-we-do/regions/latin-america-and-the-caribbean,"[""organizaci\u00f3n de sociedad civil"", ""trabajo en justicia social o ambiental"", ""carta de consulta en espa\u00f1ol""]","[""fundacion_hak"", ""ovdas""]",0,26,20,1,2026-04-12 16:28:27,2026-04-22 04:53:17,
109,manual,FONAPI — Fondo Nacional de Proyectos Inclusivos,SENADIS,comunitario,proximo,"Fondo exclusivo para proyectos de inclusión social de personas con discapacidad. Montos según número de beneficiarios ($10M-$30M). Activo, convocatoria mayo-junio. Verificado 2025.",10000000.0,30000000.0,CLP,,,https://www.senadis.gob.cl/pag/754/1756/fondo_concursable_senadis,"[""organizaci\u00f3n con personalidad jur\u00eddica"", ""proyecto de inclusi\u00f3n social"", ""beneficiarios con discapacidad acreditada""]","[""fundacion_hak"", ""ovdas""]",0,32,20,0,2026-04-12 20:36:11,2026-04-22 04:53:17,
117,manual,Fundación Lepe — Fondo Común Regenerativo,Fundación Lepe (Chile),comunitario,cerrado,"Fondo chileno privado para proyectos socioambientales. Última convocatoria 2023 (hasta $30M). Suspendió convocatoria 2025 — verificar 2026. Enfoque: desarrollo regenerativo, comunidades vulnerables.",5000000.0,30000000.0,CLP,,,https://fondocomun.cl/,"[""organizaci\u00f3n sin fines de lucro"", ""proyecto socioambiental"", ""comunidad vulnerable""]","[""fundacion_hak"", ""ovdas""]",0,26,20,0,2026-04-12 20:36:11,2026-04-22 04:53:18,
113,manual,FOAL — Fundación ONCE para América Latina,ONCE Internacional / Grupo Social ONCE,comunitario,abierto,"Fondo específico para inclusión de personas con discapacidad visual en América Latina. Financia educación inclusiva, empleo, accesibilidad. Opera en 19 países Latam incluyendo Chile. Alineación perfecta con Fundación HAK.",5000.0,100000.0,EUR,,,https://gruposocialonce.com/en/accion-internacional,"[""organizaci\u00f3n sin fines de lucro"", ""proyecto para personas con discapacidad visual"", ""operaci\u00f3n en Latinoam\u00e9rica""]","[""fundacion_hak"", ""ovdas""]",0,50,20,1,2026-04-12 20:36:11,2026-04-22 04:53:17,
16,manual,Fondo Audiovisual,"Ministerio de las Culturas, Artes y el Patrimonio",cultural,proximo,"Fomento al desarrollo, producción y distribución de obras audiovisuales chilenas.",5000000.0,100000000.0,CLP,,,https://fondosypostulaciones.cultura.gob.cl,"[""proyecto audiovisual"", ""empresa productora o persona natural""]","[""fundacion_hak"", ""ovdas""]",0,50,15,0,2026-04-12 15:39:55,2026-04-22 04:53:17,
14,manual,Fondo del Libro y la Lectura,"Ministerio de las Culturas, Artes y el Patrimonio",cultural,proximo,"Apoyo a la creación literaria, edición, distribución y fomento lector.",2000000.0,40000000.0,CLP,,,https://fondosypostulaciones.cultura.gob.cl,"[""proyecto editorial o literario""]","[""fundacion_hak"", ""ovdas""]",0,50,15,0,2026-04-12 15:39:55,2026-04-22 04:53:17,
13,manual,FONDART Nacional — Creación Artística,"Ministerio de las Culturas, Artes y el Patrimonio",cultural,proximo,"Fondo nacional de apoyo a las artes. Múltiples disciplinas: artes visuales, música, teatro, danza, literaturas, audiovisual.",5000000.0,80000000.0,CLP,,,https://fondosypostulaciones.cultura.gob.cl,"[""proyecto art\u00edstico de alcance nacional"", ""persona natural o jur\u00eddica""]","[""fundacion_hak"", ""ovdas""]",0,50,15,0,2026-04-12 15:39:55,2026-04-22 04:53:17,
12,manual,FONDART Regional — Creación Artística,"Ministerio de las Culturas, Artes y el Patrimonio",cultural,proximo,"Fondo de apoyo a la creación artística regional. Líneas: creación, residencias, formación, circulación.",2000000.0,30000000.0,CLP,,,https://fondosypostulaciones.cultura.gob.cl,"[""persona natural o jur\u00eddica"", ""proyecto art\u00edstico regional""]","[""fundacion_hak"", ""ovdas""]",0,50,15,0,2026-04-12 15:39:55,2026-04-22 04:53:17,
61,manual,CORFO — Empresas de Mujeres: Participación y Crecimiento La Araucanía,CORFO / GORE La Araucanía,empresarial,abierto,"Programa regional 2026. Componentes: Activa Inversión (hasta $20M), PAR ($6M), Semilla Inicia ($19M), Viraliza (capacitación liderazgo y tecnología). Enfocado en empresas lideradas por mujeres.",6000000.0,20000000.0,CLP,,,https://www.corfo.cl,"[""empresa liderada por mujer"", ""operaci\u00f3n en La Araucan\u00eda"", ""sector productivo regional""]",[],10,10,10,0,2026-04-12 16:28:27,2026-04-22 04:53:17,La Araucanía
